<?xml version="1.0" encoding="UTF-8"?>
<metadata xml:lang="en"><Esri><CreaDate>20221014</CreaDate><CreaTime>10273600</CreaTime><ArcGISFormat>1.0</ArcGISFormat><SyncOnce>TRUE</SyncOnce><DataProperties><lineage><Process ToolSource="c:\program files\arcgis\pro\Resources\ArcToolbox\toolboxes\3D Analyst Tools.tbx\CreateTin" Date="20221014" Time="102736">CreateTin C:\Users\Frank\Documents\UCM\ENGR180\Lab4-1\InterpolIntro\OregonTIN PROJCS["NAD_1983_2011_Oregon_Statewide_Lambert",GEOGCS["GCS_NAD_1983_2011",DATUM["D_NAD_1983_2011",SPHEROID["GRS_1980",6378137.0,298.257222101]],PRIMEM["Greenwich",0.0],UNIT["Degree",0.0174532925199433]],PROJECTION["Lambert_Conformal_Conic"],PARAMETER["False_Easting",400000.0],PARAMETER["False_Northing",0.0],PARAMETER["Central_Meridian",-120.5],PARAMETER["Standard_Parallel_1",43.0],PARAMETER["Standard_Parallel_2",45.5],PARAMETER["Latitude_Of_Origin",41.75],UNIT["Meter",1.0]] "Climate Elev_Gnd_F Mass_Points &lt;None&gt;" DELAUNAY</Process></lineage></DataProperties></Esri></metadata>
